Customer demographics,sku_count,revenue,units_sold,profit_proxy,total_cost_proxy,avg_margin_proxy,avg_defect_rate,fail_count,avg_fulfillment_lead_time,avg_end_to_end_lead_time,avg_shipping_cost,avg_logistics_cost,avg_stock_level,avg_demand_stock_gap,high_stock_risk_skus,high_quality_risk_skus,revenue_share,inspection_fail_rate,profit_per_sku_proxy
Unknown,31,173090.13383697468,15211,155807.14030918933,17282.99352778533,0.8544773641511322,2.4399200353265047,9,21.419354838709676,38.54838709677419,5.946914179223683,505.6457336804925,49.32258064516129,441.35483870967744,16,9,0.29966878429988536,0.2903225806451613,5026.036784167398
Female,25,161514.48912163064,12801,147197.005709621,14317.483412009646,0.8898894946569221,2.1666019911225756,14,22.56,34.48,5.4495425081614535,518.1951209369922,41.68,470.36,11,6,0.2796280153522936,0.56,5887.88022838484
Male,21,126634.39425979402,7507,112940.78430471482,13693.609955079204,0.8544642536657585,2.386304867245746,5,22.142857142857142,41.714285714285715,5.8351853730172065,601.1791385138729,55.57142857142857,301.9047619047619,5,6,0.21924054327744996,0.23809523809523808,5378.132585938801
Non-binary,23,116365.80151960932,10580,103453.82596732044,12911.97555228888,0.8429096599175583,2.078296790809317,8,20.782608695652176,35.95652173913044,4.855787482983777,507.3878495435958,45.17391304347826,414.82608695652175,9,5,0.20146265707037114,0.34782608695652173,4497.992433361758
