Inspection results,sku_count,revenue,units_sold,profit_proxy,total_cost_proxy,avg_margin_proxy,avg_defect_rate,fail_count,avg_fulfillment_lead_time,avg_end_to_end_lead_time,avg_shipping_cost,avg_logistics_cost,avg_stock_level,avg_demand_stock_gap,high_stock_risk_skus,high_quality_risk_skus,revenue_share,inspection_fail_rate,profit_per_sku_proxy
Pending,41,255729.5410807853,21444,232363.24961104998,23366.29146973531,0.8713569645096995,2.154217774910515,0,20.097560975609756,40.78048780487805,5.899958351178774,520.4711933911884,49.926829268292686,473.0975609756098,21,11,0.442741356693528,0.0,5667.396331976829
Fail,36,190565.53255749765,15610,170088.70436802055,20476.828189477095,0.8569267641577647,2.5693021450503135,36,22.944444444444443,34.083333333333336,5.180644958069731,511.3896833030542,44.416666666666664,389.19444444444446,13,12,0.32992372358294814,1.0,4724.686232445016
Pass,23,131309.74509972573,9045,116946.80231177507,14362.942787950655,0.8474655698093789,2.0390431861225475,0,22.652173913043477,37.43478260869565,5.496234622309504,572.8361168637144,49.17391304347826,344.0869565217391,7,3,0.2273349197235238,0.0,5084.643578772829
