Location,sku_count,revenue,units_sold,profit_proxy,total_cost_proxy,avg_margin_proxy,avg_defect_rate,fail_count,avg_fulfillment_lead_time,avg_end_to_end_lead_time,avg_shipping_cost,avg_logistics_cost,avg_stock_level,avg_demand_stock_gap,high_stock_risk_skus,high_quality_risk_skus,revenue_share,inspection_fail_rate,profit_per_sku_proxy
Mumbai,22,137755.02687746938,9426,127385.93830832069,10369.08856914869,0.8894691584371043,2.1223387539490592,5,19.818181818181817,40.59090909090909,6.248988771672237,428.34229047206793,42.36363636363637,386.09090909090907,9,5,0.23849355547006376,0.22727272727272727,5790.269923105486
Kolkata,25,137077.55100538113,12770,123605.19256725082,13472.358438130308,0.8569944846202397,2.2857656533343107,8,21.88,40.4,5.76141387430381,491.2698015079816,57.56,453.24,11,6,0.23732064996423982,0.32,4944.207702690033
Chennai,20,119142.81574806939,8768,105591.120110178,13551.695637891393,0.8509289206419417,2.638255512871837,10,23.15,37.3,4.689078824802844,621.750659600312,39.95,398.45,9,9,0.20627046707882551,0.5,5279.5560055089
Bangalore,18,102601.72388223576,5420,90821.62083555546,11780.103046680302,0.8537523144086343,2.093639704612299,5,20.61111111111111,33.333333333333336,5.74844532363933,586.7067465721162,47.55555555555556,253.55555555555554,2,3,0.17763308157021124,0.2777777777777778,5045.645601975303
Delhi,15,81027.70122485301,9715,71994.88446954063,9032.81675531237,0.8458268991250918,2.2286386942177194,8,23.6,34.06666666666667,5.069881003067294,548.2378771616496,50.06666666666667,597.6,10,3,0.14028224591665975,0.5333333333333333,4799.658964636042
