Product type,sku_count,revenue,units_sold,profit_proxy,total_cost_proxy,avg_margin_proxy,avg_defect_rate,fail_count,avg_fulfillment_lead_time,avg_end_to_end_lead_time,avg_shipping_cost,avg_logistics_cost,avg_stock_level,avg_demand_stock_gap,high_stock_risk_skus,high_quality_risk_skus,revenue_share,inspection_fail_rate,profit_per_sku_proxy
skincare,40,241628.16213306322,20731,217242.7302603429,24385.431872720314,0.8597963775286374,2.334680781980237,13,22.025,37.1,4.909687750362631,555.7329516942243,40.2,478.075,18,11,0.41832781565255867,0.325,5431.068256508573
haircare,34,174455.3906054623,13611,155278.0922296778,19177.298375784503,0.8525451865943764,2.4831501929246245,13,21.147058823529413,41.38235294117647,5.907756899873189,509.6724372025732,48.35294117647059,351.97058823529414,14,10,0.3020324362712635,0.38235294117647056,4567.002712637583
cosmetics,26,161521.26599948315,11757,146877.9338008249,14643.332198658243,0.8726275274937934,1.9192869782813182,10,21.96153846153846,33.42307692307692,6.060140868914041,514.0922031983711,58.65384615384615,393.53846153846155,9,5,0.2796397480761779,0.38461538461538464,5649.151300031726
