Routes,sku_count,revenue,units_sold,profit_proxy,total_cost_proxy,avg_margin_proxy,avg_defect_rate,fail_count,avg_fulfillment_lead_time,avg_end_to_end_lead_time,avg_shipping_cost,avg_logistics_cost,avg_stock_level,avg_demand_stock_gap,high_stock_risk_skus,high_quality_risk_skus,revenue_share,inspection_fail_rate,profit_per_sku_proxy
Route A,43,253198.85238018757,19778,229909.83472707134,23289.017653116232,0.8754091281654988,2.3417950924496393,18,20.72093023255814,37.7906976744186,5.379699165717884,485.4831277756556,44.93023255813954,415.0232558139535,17,10,0.438360006991275,0.4186046511627907,5346.740342490031
Route B,37,204484.00789291988,18370,180522.46494485324,23961.542948066624,0.8438915470422518,2.322165357004693,11,22.91891891891892,37.37837837837838,5.551985797493447,595.6590277189555,53.945945945945944,442.5405405405405,18,10,0.35402060588706796,0.2972972972972973,4878.985539050088
Route C,20,119921.95846490121,7951,108966.45661892102,10955.501845980203,0.8600063704256579,2.0549246044726437,7,21.6,37.6,5.903218428441607,500.47098479297836,42.45,355.1,6,6,0.20761938712165715,0.35,5448.322830946051
