Shipping carriers,sku_count,revenue,units_sold,profit_proxy,total_cost_proxy,avg_margin_proxy,avg_defect_rate,fail_count,avg_fulfillment_lead_time,avg_end_to_end_lead_time,avg_shipping_cost,avg_logistics_cost,avg_stock_level,avg_demand_stock_gap,high_stock_risk_skus,high_quality_risk_skus,revenue_share,inspection_fail_rate,profit_per_sku_proxy
Carrier B,43,250094.64698794956,20889,224907.22015698542,25187.426830964145,0.8592537750120107,1.7605925290186126,10,21.209302325581394,36.44186046511628,5.50924696892873,528.498703867234,51.41860465116279,434.3720930232558,18,6,0.43298573501234605,0.23255813953488372,5230.400468767103
Carrier C,29,184880.1771433739,10129,167275.5741212421,17604.603022131814,0.8638128148787392,2.5966229103499923,14,23.03448275862069,37.10344827586207,5.599291618337506,561.1055946840065,41.06896551724138,308.2068965517241,8,10,0.3200807388472157,0.4827586206896552,5768.123245560072
Carrier A,28,142629.99460668518,15081,127215.9620126181,15414.032594067103,0.8595794001140366,2.73958057592896,12,21.107142857142858,39.892857142857146,5.554922521651271,497.39541798881635,49.107142857142854,489.5,15,10,0.24693352614043831,0.42857142857142855,4543.427214736361
