Supplier name,sku_count,revenue,units_sold,profit_proxy,total_cost_proxy,avg_margin_proxy,avg_defect_rate,fail_count,avg_fulfillment_lead_time,avg_end_to_end_lead_time,avg_shipping_cost,avg_logistics_cost,avg_stock_level,avg_demand_stock_gap,high_stock_risk_skus,high_quality_risk_skus,revenue_share,inspection_fail_rate,profit_per_sku_proxy
Supplier 1,27,157528.99503945644,11080,140637.323410352,16891.671629104447,0.8415862780769644,1.8036297116882527,6,22.85185185185185,33.44444444444444,5.512301828550847,574.8511387210305,42.2962962962963,368.0740740740741,9,4,0.27272797928458553,0.2222222222222222,5208.789755938963
Supplier 2,22,125467.4186053003,11068,113094.86207793382,12372.556527366485,0.8724173536704133,2.3627501450718813,8,21.727272727272727,39.63636363636363,5.739178061461886,515.0272408143165,46.45454545454545,456.6363636363636,11,6,0.21722017291931578,0.36363636363636365,5140.675548996992
Supplier 5,18,110343.46365628691,8662,99785.00918242945,10558.454473857459,0.8527497963573362,2.665408344149201,7,20.944444444444443,40.611111111111114,5.789831531028728,536.022729560974,49.888888888888886,431.3333333333333,9,6,0.19103625883415065,0.3888888888888889,5543.61162124608
Supplier 3,15,97795.97963816227,8083,90037.63473605475,7758.344902107531,0.9107802988447691,2.46578603076447,3,19.533333333333335,40.266666666666666,4.788770625219476,468.80010153483494,43.6,495.26666666666665,8,5,0.16931295665405588,0.2,6002.50898240365
Supplier 4,18,86468.96179880276,7206,75843.92688407563,10625.034914727139,0.8410830585701222,2.3373974005913394,12,22.555555555555557,36.111111111111114,5.759572974561946,521.8104176284038,58.94444444444444,341.3888888888889,4,5,0.14970263230789205,0.6666666666666666,4213.551493559757
