Transportation modes,sku_count,revenue,units_sold,profit_proxy,total_cost_proxy,avg_margin_proxy,avg_defect_rate,fail_count,avg_fulfillment_lead_time,avg_end_to_end_lead_time,avg_shipping_cost,avg_logistics_cost,avg_stock_level,avg_demand_stock_gap,high_stock_risk_skus,high_quality_risk_skus,revenue_share,inspection_fail_rate,profit_per_sku_proxy
Rail,28,164990.41766733333,13493,148281.2849018526,16709.132765480732,0.864627011881821,2.3188139085148194,10,21.464285714285715,41.67857142857143,5.469097936102861,541.7475556618459,49.035714285714285,432.85714285714283,11,4,0.2856458469785898,0.35714285714285715,5295.760175066164
Road,29,159315.23223904296,13120,141550.43006204278,17764.8021770002,0.8457128189667329,2.620938470702914,11,21.862068965517242,37.241379310344826,5.542115390045798,553.3859875584469,56.689655172413794,395.7241379310345,12,10,0.27582046941215965,0.3793103448275862,4881.049312484234
Air,26,155735.34965026708,10882,139872.91654760423,15862.433102662842,0.8521226516110326,1.8239235457132958,9,23.384615384615383,35.07692307692308,6.017839377728619,561.7125960620685,45.57692307692308,372.96153846153845,10,7,0.269622663450988,0.34615384615384615,5379.7275595232395
Sea,17,97563.81918136528,8604,89694.12477934599,7869.694402019287,0.8927229491517547,2.31528129391858,6,19.294117647058822,35.35294117647059,4.970293815223904,417.81914826315756,33.8235294117647,472.29411764705884,8,5,0.16891102015826237,0.35294117647058826,5276.124987020353
